{
    "indicador_nino": -0.03606133908033371,
    "incidencia_lag1": -0.030198412016034126,
    "indicador_nina": -0.011632774956524372,
    "incidencia_roll3": -0.007116017397493124,
    "aceleracion_incidencia": -0.00663063395768404,
    "precipitacion_lag5": 0.005112263839691877,
    "incidencia_lag11": 0.004406675696372986,
    "pais_ECU": 0.0037507868837565184,
    "precipitacion_lag1": -0.00332605536095798,
    "tmin_promedio": -0.0029180762358009815,
    "incidencia_lag12": 0.0028515481390058994,
    "tmin_lag6": 0.0022997537162154913,
    "cambio_interanual": -0.0022827754728496075,
    "tmax_promedio": 0.0022327566985040903,
    "indicador_covid": -0.002196387853473425,
    "incidencia_vecinos_lag1": 0.002173309912905097,
    "incidencia_lag9": 0.0020411312580108643,
    "incidencia_vecinos_lag5": -0.0018853115616366267,
    "tendencia_3m": -0.0016410623211413622,
    "precipitacion": -0.0014260283205658197,
    "incidencia_roll12": -0.0013976955087855458,
    "incidencia_lag2": 0.001250381232239306,
    "tendencia_1m": 0.0011856338242068887,
    "incidencia_vecinos_lag6": -0.0009899967117235065,
    "incidencia_vecinos_lag4": -0.000981306890025735,
    "tmax_lag6": -0.000979323172941804,
    "amplitud_termica": -0.0009394866647198796,
    "incidencia_roll6": 0.0009025377221405506,
    "tmax_lag1": 0.0008452484617009759,
    "incidencia_lag8": 0.0008031113538891077,
    "tmax_lag5": -0.0007953466265462339,
    "tmin_lag2": 0.0007488250266760588,
    "tmin_lag4": 0.0007397189037874341,
    "humedad_lag2": 0.0007288999040611088,
    "incidencia_vecinos_lag3": -0.0007080152281560004,
    "incidencia_lag3": -0.0006812014034949243,
    "tmin_lag5": -0.0006116164149716496,
    "incidencia_lag10": 0.0006090474198572338,
    "incidencia_lag5": -0.0006045621121302247,
    "precipitacion_lag3": -0.0005886391154490411,
    "tmin_lag3": 0.000587024143896997,
    "fase_ascendente": -0.0005159017164260149,
    "humedad_lag3": 0.0005080145783722401,
    "pais_PAN": -0.00047598470700904727,
    "incidencia_vecinos_lag2": -0.0004729238571599126,
    "pais_MEX": 0.0004701550642494112,
    "tmax_lag2": -0.0004540197551250458,
    "precipitacion_lag4": 0.00039843330159783363,
    "precipitacion_anomalia": 0.0003909742517862469,
    "incidencia_lag6": 0.00035719413426704705,
    "indicador_brote": -0.00035400025080889463,
    "mes_sin": -0.0002966717001982033,
    "temperatura_media": -0.0002932200732175261,
    "incidencia_lag7": 0.0002929186448454857,
    "tmax_lag4": -0.0002908106835093349,
    "incidencia_lag4": 0.00026467462885193527,
    "humedad_lag4": 0.00025743854348547757,
    "mes_cos": -0.0002498344983905554,
    "humedad_lag1": 0.0002417108917143196,
    "tmin_lag1": 0.0002030855685006827,
    "precipitacion_lag2": -0.00020154842059127986,
    "humedad_lag6": 0.00019385450286790729,
    "humedad_promedio": -0.00013015327567700297,
    "densidad_poblacion": -0.00010184160055359825,
    "pais_ARG": 6.149521504994482e-05,
    "tmax_lag3": -6.078556180000305e-05,
    "pais_BOL": 5.8899026043945923e-05,
    "agua_basica": 5.0772145186783746e-05,
    "pais_COL": 4.872069985140115e-05,
    "precipitacion_lag6": 4.7332330723293126e-05,
    "humedad_lag5": -4.526149496086873e-05,
    "pais_BRA": 2.156453592760954e-05,
    "pais_PER": 7.134520274121314e-06
}