{
    "incidencia_lag1": 0.5577901005744934,
    "incidencia_roll3": 0.3285362422466278,
    "incidencia_lag2": 0.09722419083118439,
    "incidencia_lag11": 0.053927186876535416,
    "incidencia_roll6": 0.0498039573431015,
    "tendencia_3m": 0.04785753786563873,
    "tendencia_1m": 0.04682215675711632,
    "aceleracion_incidencia": 0.040901798754930496,
    "precipitacion_lag1": 0.03581538423895836,
    "incidencia_vecinos_lag1": 0.0320332907140255,
    "precipitacion_lag5": 0.029547961428761482,
    "indicador_nino": 0.02849297970533371,
    "mes_sin": 0.026744620874524117,
    "mes_cos": 0.02667091228067875,
    "incidencia_vecinos_lag4": 0.02587093599140644,
    "cambio_interanual": 0.025599176064133644,
    "tmax_promedio": 0.022982630878686905,
    "incidencia_roll12": 0.020811546593904495,
    "incidencia_lag8": 0.02080320194363594,
    "fase_ascendente": 0.01693420670926571,
    "precipitacion": 0.016864415258169174,
    "indicador_nina": 0.01676143705844879,
    "incidencia_lag7": 0.016078632324934006,
    "incidencia_lag12": 0.016048887744545937,
    "tmin_lag5": 0.01556260883808136,
    "tmin_lag6": 0.013932472094893456,
    "tmin_promedio": 0.013891602866351604,
    "incidencia_lag9": 0.013631568290293217,
    "temperatura_media": 0.013459806330502033,
    "precipitacion_lag3": 0.012114622630178928,
    "tmax_lag1": 0.011414783075451851,
    "agua_basica": 0.011169019155204296,
    "tmin_lag1": 0.010925231501460075,
    "indicador_covid": 0.010604949668049812,
    "incidencia_lag4": 0.009601290337741375,
    "incidencia_lag3": 0.009256405755877495,
    "humedad_lag3": 0.008809844963252544,
    "incidencia_vecinos_lag3": 0.008519371040165424,
    "tmax_lag5": 0.008348805829882622,
    "humedad_lag2": 0.007947838865220547,
    "incidencia_lag10": 0.007725193165242672,
    "humedad_lag6": 0.007617588620632887,
    "tmax_lag2": 0.0075650629587471485,
    "indicador_brote": 0.007124805357307196,
    "tmin_lag4": 0.006970144808292389,
    "incidencia_vecinos_lag5": 0.006296071223914623,
    "precipitacion_lag2": 0.006196300964802504,
    "precipitacion_lag6": 0.006089858245104551,
    "incidencia_vecinos_lag2": 0.006068011745810509,
    "pais_ECU": 0.006024145055562258,
    "incidencia_lag5": 0.005967673379927874,
    "tmax_lag6": 0.005912506952881813,
    "precipitacion_anomalia": 0.005739996675401926,
    "densidad_poblacion": 0.005539061967283487,
    "humedad_lag4": 0.005486843641847372,
    "tmin_lag3": 0.005419856868684292,
    "precipitacion_lag4": 0.005367250647395849,
    "humedad_lag1": 0.0047475481405854225,
    "amplitud_termica": 0.004609548021107912,
    "incidencia_vecinos_lag6": 0.004151068162173033,
    "humedad_lag5": 0.0038199983537197113,
    "incidencia_lag6": 0.0036550506483763456,
    "tmin_lag2": 0.003275273833423853,
    "tmax_lag3": 0.002819075481966138,
    "pais_PER": 0.0026464664842933416,
    "tmax_lag4": 0.002493562176823616,
    "humedad_promedio": 0.0018163026543334126,
    "pais_BOL": 0.0010061451466754079,
    "pais_PAN": 0.0008095087832771242,
    "pais_MEX": 0.0007174282218329608,
    "pais_BRA": 0.0005879760719835758,
    "pais_COL": 0.000316236779326573,
    "pais_ARG": 0.00026245013577863574
}