{
    "incidencia_lag1": 1.2508912086486816,
    "tmax_promedio": 0.05189403519034386,
    "tmin_promedio": 0.050997745245695114,
    "precipitacion": 0.050624724477529526,
    "precipitacion_lag1": 0.05031036585569382,
    "agua_basica": 0.04291131719946861,
    "incidencia_vecinos_lag1": 0.04285409674048424,
    "humedad_lag3": 0.04237695038318634,
    "tmin_lag3": 0.034540269523859024,
    "incidencia_lag3": 0.03064563497900963,
    "incidencia_lag2": 0.02692444995045662,
    "tmin_lag1": 0.022294150665402412,
    "incidencia_vecinos_lag3": 0.02207230217754841,
    "precipitacion_lag3": 0.02007661759853363,
    "precipitacion_lag2": 0.016337940469384193,
    "tmax_lag1": 0.013972945511341095,
    "incidencia_vecinos_lag2": 0.013599834404885769,
    "tmax_lag2": 0.0135269183665514,
    "humedad_lag2": 0.012132418341934681,
    "humedad_lag1": 0.010618912056088448,
    "tmax_lag3": 0.009622996672987938,
    "tmin_lag2": 0.00842567440122366,
    "densidad_poblacion": 0.007851989939808846,
    "humedad_promedio": 0.003982710652053356
}