{
    "indicador_nino": -0.035675790160894394,
    "incidencia_lag1": -0.03257757052779198,
    "indicador_nina": -0.011240038089454174,
    "precipitacion_lag5": 0.005115818232297897,
    "incidencia_roll3": -0.004851389676332474,
    "indicador_covid": -0.004467572085559368,
    "precipitacion_lag1": -0.003901315852999687,
    "pais_ECU": 0.003824814921244979,
    "incidencia_lag11": 0.0032989901956170797,
    "aceleracion_incidencia": -0.0032005240209400654,
    "cambio_interanual": -0.0030320652294903994,
    "indicador_brote": -0.0027524742763489485,
    "tmin_promedio": -0.0027150500100106,
    "incidencia_lag9": 0.0021238133776932955,
    "tmax_promedio": 0.0018859904957935214,
    "tmin_lag6": 0.0017287808004766703,
    "incidencia_lag12": 0.001658328459598124,
    "incidencia_vecinos_lag5": -0.0015684386016801,
    "tmax_lag1": 0.0014631403610110283,
    "tmin_lag2": 0.0013996884226799011,
    "precipitacion": -0.0013269586488604546,
    "incidencia_vecinos_lag6": -0.0011450094170868397,
    "incidencia_vecinos_lag4": -0.0010446748929098248,
    "tmax_lag6": -0.0010050855344161391,
    "tmin_lag3": 0.0009750474127940834,
    "amplitud_termica": -0.0009424626477994025,
    "incidencia_lag10": 0.000912549439817667,
    "incidencia_lag8": -0.0008885899442248046,
    "incidencia_vecinos_lag1": 0.000881052459590137,
    "incidencia_roll6": 0.0008154215756803751,
    "incidencia_lag4": 0.0007942242664285004,
    "tmin_lag5": -0.0006726259598508477,
    "pais_PAN": -0.0006388623733073473,
    "incidencia_roll12": -0.0006310722092166543,
    "incidencia_lag6": 0.0006302595720626414,
    "tmax_lag2": -0.0006277359207160771,
    "incidencia_lag3": 0.0006080794264562428,
    "incidencia_lag7": 0.0006059207953512669,
    "tmax_lag5": -0.0005919755203649402,
    "temperatura_media": -0.0005862493417225778,
    "incidencia_vecinos_lag3": -0.0005508080357685685,
    "mes_sin": -0.0005146833136677742,
    "precipitacion_lag3": -0.0005132795195095241,
    "precipitacion_anomalia": 0.00048582744784653187,
    "tmin_lag4": 0.0004734041867777705,
    "tmin_lag1": 0.0004443288780748844,
    "humedad_lag2": 0.00035526015562936664,
    "humedad_lag4": 0.00034062331542372704,
    "humedad_lag3": 0.00033359808730892837,
    "humedad_lag6": 0.00030255349702201784,
    "mes_cos": -0.00030052682268433273,
    "incidencia_vecinos_lag2": -0.00028405888588167727,
    "incidencia_lag5": -0.0002701088087633252,
    "humedad_lag5": -0.0002619683218654245,
    "tmax_lag3": -0.000235132101806812,
    "humedad_lag1": 0.00019221543334424496,
    "precipitacion_lag4": 0.00018250028369948268,
    "agua_basica": 0.00016933225560933352,
    "tmax_lag4": -0.00016220750694628805,
    "pais_MEX": 0.000122938392451033,
    "precipitacion_lag6": 0.00010317315900465474,
    "pais_PER": 7.895222370279953e-05,
    "precipitacion_lag2": -6.569781544385478e-05,
    "incidencia_lag2": -5.8024044847115874e-05,
    "densidad_poblacion": -5.697356027667411e-05,
    "pais_BOL": 5.531288479687646e-05,
    "humedad_promedio": 5.421343303169124e-05,
    "pais_ARG": 3.9084079617168754e-05,
    "pais_BRA": -2.5005479983519763e-05,
    "pais_COL": 7.649275175936054e-06,
    "pais_NIC": 0.0
}