{
    "incidencia_lag1": -0.09797576814889908,
    "agua_basica": -0.01226290687918663,
    "tmin_promedio": -0.00894736684858799,
    "incidencia_lag3": 0.0074763791635632515,
    "incidencia_roll3": -0.005940016824752092,
    "humedad_lag3": 0.0056307027116417885,
    "incidencia_roll6": 0.005360174458473921,
    "tmin_lag1": -0.005224672146141529,
    "incidencia_lag4": 0.004728314466774464,
    "precipitacion": -0.004163985140621662,
    "precipitacion_lag1": -0.004146403167396784,
    "incidencia_vecinos_lag4": 0.003734238212928176,
    "tmin_lag3": 0.0024053037632256746,
    "incidencia_lag2": -0.0022343513555824757,
    "incidencia_vecinos_lag6": -0.0021160542964935303,
    "tmax_lag3": -0.0016534769674763083,
    "precipitacion_lag3": -0.0015763690462335944,
    "incidencia_vecinos_lag5": -0.0015346808359026909,
    "incidencia_vecinos_lag2": -0.0014452770119532943,
    "incidencia_lag5": 0.0012384322471916676,
    "incidencia_vecinos_lag3": 0.0010550549486652017,
    "tmax_lag1": 0.0010542164091020823,
    "humedad_lag2": 0.001050673658028245,
    "mes_sin": 0.000970460707321763,
    "precipitacion_lag2": 0.0009228744311258197,
    "tmax_promedio": 0.0008310736157000065,
    "incidencia_vecinos_lag1": -0.0007893642177805305,
    "densidad_poblacion": 0.0005728244432248175,
    "humedad_lag1": -0.0005379152134992182,
    "mes_cos": -0.0004856027371715754,
    "tmax_lag2": -0.0003172064316459,
    "incidencia_lag6": -0.00029195574461482465,
    "tmin_lag2": -0.0002645073109306395,
    "humedad_promedio": -9.323463018517941e-05
}