{
    "incidencia_lag1": -0.12752005748629167,
    "oni": -0.04393789132273376,
    "oni_lag3": -0.02248100689399512,
    "oni_lag2": 0.01965251218253213,
    "oni_lag1": -0.015155963677889447,
    "incidencia_lag3": 0.013543495205479709,
    "tmin_promedio": -0.01012378219107237,
    "incidencia_vecinos_lag1": 0.00820581356242124,
    "precipitacion": -0.0071396594238435545,
    "incidencia_roll6": 0.006138198012756934,
    "incidencia_lag4": 0.006053566213662984,
    "incidencia_roll3": 0.005976713679669349,
    "tmin_lag3": 0.0057167824751534835,
    "incidencia_vecinos_lag5": -0.005185481523898092,
    "incidencia_lag2": 0.004852977749338597,
    "incidencia_lag6": -0.004779850343749525,
    "humedad_lag3": 0.004769567528566075,
    "tmax_promedio": 0.004317779464096296,
    "tmin_lag2": 0.003936389640689369,
    "tmax_lag2": -0.003599588198590402,
    "tmin_lag1": -0.0035144912936480523,
    "precipitacion_lag1": -0.003434659193355341,
    "incidencia_vecinos_lag2": -0.0032292099136153342,
    "incidencia_vecinos_lag3": -0.0028316403085177685,
    "tmax_lag3": -0.0026560299637232733,
    "incidencia_lag5": 0.002112030138948616,
    "humedad_promedio": 0.0019037627736663125,
    "humedad_lag2": 0.0018236067598144578,
    "densidad_poblacion": 0.0015895815776587458,
    "incidencia_vecinos_lag6": -0.0012805118000021626,
    "precipitacion_lag3": 0.0009701073751322976,
    "agua_basica": -0.0007451399270266119,
    "mes_sin": -0.0005115555073354943,
    "humedad_lag1": -0.0004740801279912293,
    "mes_cos": -0.00023858684614281976,
    "tmax_lag1": -0.0001801748511841462,
    "precipitacion_lag2": 8.185990859590997e-05,
    "incidencia_vecinos_lag4": 8.86564464711711e-06
}