{
  "incidencia_lag1": -0.1626315712928772,
  "incidencia_lag3": 0.0201959740370512,
  "agua_basica": -0.012216433882713318,
  "tmin_promedio": -0.012137469835579395,
  "incidencia_lag2": 0.010366451926529408,
  "incidencia_roll3": 0.006753276567906141,
  "precipitacion_lag1": -0.00673809926956892,
  "incidencia_lag4": 0.00564095051959157,
  "humedad_lag3": 0.0050412691198289394,
  "incidencia_vecinos_lag1": 0.004780374933034182,
  "humedad_lag1": -0.004751435946673155,
  "incidencia_roll6": 0.0044013033621013165,
  "tmax_promedio": 0.0034955472219735384,
  "incidencia_lag5": 0.0033570732921361923,
  "humedad_lag2": 0.0032549356110394,
  "incidencia_vecinos_lag6": -0.003125011222437024,
  "precipitacion": -0.0026273152325302362,
  "incidencia_vecinos_lag4": 0.002375367796048522,
  "incidencia_vecinos_lag3": -0.0020096045918762684,
  "humedad_promedio": 0.0020009230356663465,
  "incidencia_lag6": -0.0017833525780588388,
  "tmax_lag2": -0.001718050567433238,
  "tmin_lag2": 0.0016494367737323046,
  "precipitacion_lag2": -0.0015049093635752797,
  "tmin_lag1": 0.0014973966171965003,
  "incidencia_vecinos_lag5": 0.0010477470932528377,
  "tmax_lag3": -0.0008969787741079926,
  "mes_cos": -0.0008727305685169995,
  "tmin_lag3": -0.0008605003240518272,
  "incidencia_vecinos_lag2": -0.0003392533981241286,
  "mes_sin": 0.00028557557379826903,
  "precipitacion_lag3": -0.0002291796845383942,
  "densidad_poblacion": -0.00018241522775497288,
  "tmax_lag1": -2.9248572900542058e-05
}