{
  "incidencia_lag1": -0.158134326338768,
  "incidencia_lag3": 0.019061347469687462,
  "incidencia_roll6": 0.012778240256011486,
  "tmin_promedio": -0.009745084680616856,
  "vecino_lag4": 0.009252896532416344,
  "vecino_lag6": -0.009056433103978634,
  "vecino_lag3": 0.008538111113011837,
  "incidencia_lag5": 0.008476011455059052,
  "precipitacion_lag1": -0.006660241633653641,
  "vecino_lag2": 0.006364921107888222,
  "incidencia_lag4": 0.006317623425275087,
  "incidencia_lag2": 0.00599270174279809,
  "agua_basica": -0.005800548009574413,
  "incidencia_lag6": -0.005623188801109791,
  "vecino_lag5": -0.005538670811802149,
  "tmax_promedio_lag3": -0.005193618126213551,
  "tmin_promedio_lag3": 0.00374020473100245,
  "tmin_promedio_lag2": 0.003060341812670231,
  "vecino_lag1": -0.003035398432984948,
  "precipitacion": -0.0030297241173684597,
  "incidencia_roll3": -0.00234981463290751,
  "tmax_promedio": 0.00207528006285429,
  "densidad_poblacion": -0.0014118171529844403,
  "humedad_promedio": 0.0013196534710004926,
  "mes_sin": 0.001197824371047318,
  "precipitacion_lag3": 0.0009705068659968674,
  "tmax_promedio_lag2": -0.0008563518640585244,
  "mes_cos": -0.0005049386527389288,
  "tmax_promedio_lag1": -0.0004524542309809476,
  "tmin_promedio_lag1": -0.0002949165354948491,
  "precipitacion_lag2": 0.00017497189401183277
}