{
    "incidencia_lag1": -0.12436499909991382,
    "agua_basica": -0.013363507424755644,
    "tmin_promedio": -0.011772417373743098,
    "incidencia_vecinos_lag1": 0.010085454814491808,
    "incidencia_lag4": 0.008431595853497221,
    "incidencia_lag5": 0.008235014462151939,
    "incidencia_lag3": 0.007453793746165687,
    "tmin_lag3": 0.0074520411146360745,
    "precipitacion": -0.007220033124514354,
    "humedad_lag3": 0.006379642570149011,
    "incidencia_roll3": 0.005874149354209655,
    "incidencia_roll6": 0.00541537490979833,
    "incidencia_vecinos_lag2": -0.005338460239235931,
    "incidencia_lag6": -0.004040209653249102,
    "incidencia_vecinos_lag6": -0.0038725773122967218,
    "incidencia_lag2": -0.003653946617412358,
    "tmax_lag2": -0.0031587687727455183,
    "precipitacion_lag2": -0.00266873732549954,
    "humedad_lag2": 0.0026065736595791322,
    "precipitacion_lag1": -0.002594070305411651,
    "mes_sin": 0.0024392292365804395,
    "tmax_lag3": -0.0019175653675801109,
    "tmax_lag1": 0.001625565412643625,
    "densidad_poblacion": 0.0015892278093322901,
    "incidencia_vecinos_lag3": -0.0014540240452222998,
    "precipitacion_lag3": 0.0014284011083124603,
    "humedad_promedio": 0.0010387158578356078,
    "tmin_lag1": -0.0010180341662694246,
    "incidencia_vecinos_lag4": 0.0008545755257166562,
    "tmax_promedio": 0.0008417949677023805,
    "mes_cos": -0.0005942665766509533,
    "humedad_lag1": -0.0005138743659164769,
    "tmin_lag2": -0.0004506712463424305,
    "incidencia_vecinos_lag5": -0.00012050486602513978
}